model_name,train_r2,train_mse,train_rmse,test_r2,test_mse,test_rmse
Power Law,0.7746957824047509,,,0.46171703561255334,678.7157473179032,18.49951088788562
Williamson,0.49080681413677063,,,0.2527545590037339,20765.184912057357,73.15427479376068
Constrained CY,0.63194793941968,,,0.21458321225691823,16629.748171715117,75.66706549562592
5-parameter CY,0.5364467788305113,,,0.18114354993857357,13405.50263252477,52.6455788272801
Sisko,0.6667177257275588,,,0.16195063922983866,525.7683382221094,13.452261966087557
